id;name;address;city;email
1;sticky Solar;withdrawal Bricolaje quantifying;Baracaldo Javier;Manuela_Rosales@hotmail.com
2;SMS;online Algodón Entrada;Albacete Robertomouth;Micaela_Valentn72@hotmail.com
3;Factores;complejidad calculate;Ponferrada Maricarmenborough;Csar.Garrido@hotmail.com
4;Principado;facilitate GB;Pasco;Maricarmen.Carbajal96@gmail.com
5;Berkshire innovadora;Pequeño secundaria;Manteca;Miguel_Madera@yahoo.com
6;niches Madera;Bajada Música;Pamplona Claudiaport;Micaela87@gmail.com
7;Castilla-La discreta;Entrada;Samuelchester;Mara.Brito@gmail.com
8;Algodón;Card;Mérida Ana;JorgeLuis.Espinoza@hotmail.com
9;Opcional;content Planificador;Barcelona Rosalia;Martn56@gmail.com
10;generación Blanco Bebes;holística Salida;Paganborough;Antonio_Santana@gmail.com
